{"centers": [[0.043068724972273216, -0.06398902833298996, 0.600335557161499, -0.6003355571614991], [0.040597625336215463, -0.30712526818092944, -1.6656567411462935, 1.6656567411462935], [0.035972051760682855, 2.99908010103788, -0.766840202271518, 0.766840202271518], [-23.56575455781009, 1.030837475721317, 0.12328454699143743, -0.12328454699143752]], "scaler_mean": [2014.7838867463079, 230.2958329413978, 0.7350672561377105, 0.26493274386228954], "scaler_scale": [76.78491298138384, 178.71923284430716, 0.4413077664680433, 0.4413077664680433]}